300
1,John Doe,5/21/1987,FIRST_CLASS,TRUE,BA249
2,Jane Smith,11/12/1980,BUSINESS,FALSE,AA100
3,Mia Wong,3/8/1992,ECONOMY,TRUE,BA255
4,Noah Johnson,7/19/1995,ECONOMY,FALSE,AA110
5,Isabella Rossi,8/30/1982,FIRST_CLASS,TRUE,BA249
6,Olivia Brown,2/21/1975,BUSINESS,FALSE,BA256
7,Liam Davis,12/13/1965,ECONOMY,TRUE,AA107
8,Emma Miller,3/30/1978,FIRST_CLASS,TRUE,AA101
9,William Wilson,1/14/1968,ECONOMY,FALSE,AA102
10,Sophia Taylor,4/28/1990,BUSINESS,TRUE,BA257
11,Lucas Anderson,9/16/1984,FIRST_CLASS,FALSE,AA105
12,Amelia Thompson,11/11/1970,ECONOMY,TRUE,BA260
13,Oliver Martinez,7/22/1971,FIRST_CLASS,TRUE,BA249
14,Ava White,3/5/1988,BUSINESS,FALSE,AA108
15,Charlotte Clark,10/30/1989,ECONOMY,TRUE,BA261
16,Ethan Harris,6/19/1973,BUSINESS,TRUE,AA109
17,Ella Moore,2/11/1994,FIRST_CLASS,FALSE,BA270
18,James Robinson,8/20/1983,ECONOMY,TRUE,AA110
19,Alexander Lewis,12/15/1972,BUSINESS,FALSE,BA271
20,Victoria Lee,5/23/1990,FIRST_CLASS,TRUE,AA115
21,Matthew Lopez,7/17/1991,ECONOMY,FALSE,BA272
22,Elizabeth Jackson,4/9/1969,BUSINESS,TRUE,AA120
23,Michael Hill,1/2/1987,ECONOMY,TRUE,BA249
24,Sarah Scott,3/25/1978,FIRST_CLASS,FALSE,AA100
25,Thomas Turner,12/15/1986,ECONOMY,TRUE,BA255
26,Nicole Baker,11/8/1995,BUSINESS,FALSE,AA110
27,Steven Campbell,7/3/1972,FIRST_CLASS,TRUE,BA249
28,Michelle Rivera,9/19/1994,ECONOMY,FALSE,BA256
29,Kevin Evans,5/22/1980,BUSINESS,TRUE,AA107
30,Jessica Edwards,11/30/1977,FIRST_CLASS,TRUE,AA101
31,Brian Morales,3/18/1993,ECONOMY,FALSE,AA102
32,Laura Walker,8/4/1989,BUSINESS,TRUE,BA257
33,Ryan Nelson,11/25/1985,FIRST_CLASS,FALSE,AA105
34,Julia Lee,2/19/1990,ECONOMY,TRUE,BA260
35,David White,6/11/1983,BUSINESS,FALSE,BA249
36,Megan Clark,10/14/1986,FIRST_CLASS,TRUE,AA108
37,Christopher Martinez,9/30/1979,ECONOMY,FALSE,BA261
38,Amy Robinson,7/5/1991,BUSINESS,TRUE,AA109
39,Jason Garcia,12/23/1982,FIRST_CLASS,FALSE,BA270
40,Mary Davis,1/17/1990,ECONOMY,TRUE,AA110
41,Susan Brown,6/18/1974,FIRST_CLASS,FALSE,BA271
42,Anthony Johnson,12/24/1993,ECONOMY,TRUE,AA115
43,Angela Wilson,4/3/1985,BUSINESS,FALSE,BA272
44,Paula Thomas,9/7/1994,FIRST_CLASS,TRUE,AA120
45,Andrew Jones,1/15/1967,ECONOMY,FALSE,BA249
46,Linda Taylor,11/8/1996,BUSINESS,TRUE,AA100
47,Patricia Miller,2/28/1971,FIRST_CLASS,FALSE,BA255
48,Mark Anderson,7/22/1983,ECONOMY,TRUE,AA110
49,Elizabeth Martinez,10/13/1987,BUSINESS,FALSE,BA249
50,Donald Harris,3/17/1969,FIRST_CLASS,TRUE,BA256
51,Dorothy Martin,5/25/1978,ECONOMY,FALSE,AA107
52,George Lewis,8/9/1970,BUSINESS,TRUE,AA101
53,Kenneth White,12/18/1992,FIRST_CLASS,FALSE,AA102
54,Sharon Clark,4/30/1984,ECONOMY,TRUE,BA257
55,Steven Hall,7/20/1975,BUSINESS,FALSE,AA105
56,Jennifer Allen,10/14/1986,FIRST_CLASS,TRUE,BA260
57,Joseph Young,2/7/1972,ECONOMY,FALSE,BA249
58,Diane Hernandez,9/1/1968,BUSINESS,TRUE,AA108
59,Charles Moore,11/15/1990,FIRST_CLASS,FALSE,BA261
60,Barbara Jackson,1/22/1981,ECONOMY,TRUE,AA109
61,Thomas Martin,7/29/1993,BUSINESS,FALSE,BA270
62,Samantha Thompson,4/5/1979,FIRST_CLASS,TRUE,AA110
63,Daniel Garcia,12/12/1974,ECONOMY,FALSE,BA271
64,Nancy Martinez,3/15/1982,BUSINESS,TRUE,AA115
65,Kyle Robinson,8/19/1988,FIRST_CLASS,FALSE,BA272
66,Deborah Clark,5/21/1991,ECONOMY,TRUE,AA120
67,Stephen Lewis,10/31/1970,BUSINESS,FALSE,BA375
68,Lisa Walker,2/18/1965,FIRST_CLASS,TRUE,AA235
69,Brian Scott,11/29/1984,ECONOMY,FALSE,BA380
70,Kevin Adams,1/16/1995,BUSINESS,TRUE,AA240
71,Karen Phillips,3/10/1980,FIRST_CLASS,FALSE,BA385
72,Carol Anderson,5/25/1968,ECONOMY,TRUE,AA245
73,James Wright,7/30/1972,BUSINESS,FALSE,BA390
74,Nicole Mitchell,10/2/1989,FIRST_CLASS,TRUE,AA250
75,Jonathan Perez,8/17/1975,ECONOMY,FALSE,BA395
76,Ryan Lee,12/5/1986,BUSINESS,TRUE,AA255
77,Kimberly Davis,1/7/1979,FIRST_CLASS,FALSE,BA400
78,Amy Brown,3/18/1987,ECONOMY,TRUE,AA260
79,Bradley Wilson,5/22/1993,BUSINESS,FALSE,BA405
80,Julie Taylor,9/15/1980,FIRST_CLASS,TRUE,AA265
81,Billy Martinez,11/12/1971,ECONOMY,FALSE,BA410
82,Gloria White,6/6/1973,BUSINESS,TRUE,AA270
83,Michelle Thompson,2/28/1994,FIRST_CLASS,FALSE,BA415
84,Edward King,8/19/1985,ECONOMY,TRUE,AA275
85,Maria Wright,7/3/1990,BUSINESS,FALSE,BA420
86,Michael Harris,11/8/1976,FIRST_CLASS,TRUE,AA280
87,Melissa Young,1/22/1978,ECONOMY,FALSE,BA425
88,Robert Nelson,3/15/1969,BUSINESS,TRUE,AA285
89,Tracy Robinson,4/10/1982,FIRST_CLASS,FALSE,BA375
90,Jason Clark,6/21/1991,ECONOMY,TRUE,AA235
91,Laura Allen,12/1/1983,BUSINESS,FALSE,BA380
92,Sarah Baker,7/28/1965,FIRST_CLASS,TRUE,AA240
93,Franklin Wright,10/13/1992,ECONOMY,FALSE,BA385
94,Betty Gonzalez,2/6/1987,BUSINESS,TRUE,AA245
95,Matthew White,11/21/1970,FIRST_CLASS,FALSE,BA390
96,Daniel Lewis,8/9/1973,ECONOMY,TRUE,AA250
97,Pamela Hall,5/18/1984,BUSINESS,FALSE,BA395
98,Gregory Young,1/27/1995,FIRST_CLASS,TRUE,AA255
99,Sandra Hernandez,9/14/1981,ECONOMY,FALSE,BA400
100,Christopher Moore,12/8/1974,BUSINESS,TRUE,AA260
101,Emily Sanchez,6/11/1988,FIRST_CLASS,FALSE,BA405
102,Justin Baker,9/25/1977,ECONOMY,TRUE,AA265
103,Amanda Taylor,4/17/1990,BUSINESS,FALSE,BA410
104,Nicholas Adams,7/30/1971,FIRST_CLASS,TRUE,AA270
105,Samantha Wright,10/21/1983,ECONOMY,FALSE,BA415
106,Brandon Martinez,12/3/1976,BUSINESS,TRUE,AA275
107,Heather Gonzalez,11/15/1992,FIRST_CLASS,FALSE,BA420
108,Joshua Scott,5/18/1980,ECONOMY,TRUE,AA280
109,Rebecca Hernandez,8/28/1975,BUSINESS,FALSE,BA425
110,Justin Clark,1/19/1996,FIRST_CLASS,TRUE,AA285
111,Ashley Thompson,3/22/1979,ECONOMY,FALSE,BA375
112,Natalie Rodriguez,9/6/1988,BUSINESS,TRUE,AA235
113,Brandon Young,2/9/1973,FIRST_CLASS,FALSE,BA380
114,Kelly Martinez,5/14/1981,ECONOMY,TRUE,AA240
115,Joshua Lee,8/7/1993,BUSINESS,FALSE,BA385
116,Kimberly Davis,10/30/1976,FIRST_CLASS,TRUE,AA245
117,Amanda Martinez,1/23/1984,ECONOMY,FALSE,BA390
118,Christopher Allen,6/15/1990,BUSINESS,TRUE,AA250
119,Stephanie Harris,8/20/1972,FIRST_CLASS,FALSE,BA395
120,Nathan Wright,11/12/1986,ECONOMY,TRUE,AA255
121,Christina Brown,12/5/1978,BUSINESS,FALSE,BA400
122,Matthew Gonzalez,1/28/1995,FIRST_CLASS,TRUE,AA260
123,Katherine Young,4/3/1989,ECONOMY,FALSE,BA405
124,Daniel Martinez,7/16/1970,BUSINESS,TRUE,AA265
125,Alyssa Robinson,2/18/1982,FIRST_CLASS,FALSE,BA410
126,Scott Thompson,5/21/1991,ECONOMY,TRUE,AA270
127,Victoria Clark,8/15/1977,BUSINESS,FALSE,BA415
128,Adam Rodriguez,3/8/1985,FIRST_CLASS,TRUE,AA275
129,Lauren Miller,6/29/1979,ECONOMY,FALSE,BA420
130,Andrew Hernandez,9/22/1974,BUSINESS,TRUE,AA280
131,Sarah Gonzalez,2/10/1993,FIRST_CLASS,FALSE,BA425
132,Nicholas Martinez,12/3/1971,ECONOMY,TRUE,AA285
133,Christina Perez,7/16/1980,BUSINESS,FALSE,BA540
134,David Johnson,10/29/1988,FIRST_CLASS,TRUE,AA400
135,Lauren Wilson,3/20/1973,ECONOMY,FALSE,BA545
136,James Garcia,4/13/1994,BUSINESS,TRUE,AA405
137,Michelle Davis,9/6/1982,FIRST_CLASS,FALSE,BA550
138,Ryan Martinez,12/9/1975,ECONOMY,TRUE,AA410
139,Ashley Harris,1/25/1991,BUSINESS,FALSE,BA555
140,Michael Clark,6/18/1970,FIRST_CLASS,TRUE,AA415
141,Stephanie Wilson,8/28/1987,ECONOMY,FALSE,BA560
142,Robert Lopez,11/21/1979,BUSINESS,TRUE,AA420
143,Jessica Thomas,2/14/1990,FIRST_CLASS,FALSE,BA565
144,John Rodriguez,5/7/1984,ECONOMY,TRUE,AA425
145,Kimberly Thompson,10/30/1976,BUSINESS,FALSE,BA570
146,William Martin,1/22/1973,FIRST_CLASS,TRUE,AA430
147,Elizabeth Wright,4/16/1995,ECONOMY,TRUE,AA435
148,Daniel Hernandez,7/5/1981,BUSINESS,FALSE,BA575
149,Emily Allen,8/20/1977,FIRST_CLASS,TRUE,AA440
150,Christopher Scott,11/13/1992,ECONOMY,FALSE,BA580
151,Alexander King,12/3/1970,BUSINESS,TRUE,AA445
152,Amanda Miller,1/26/1985,FIRST_CLASS,FALSE,BA585
153,Matthew Davis,2/19/1996,ECONOMY,TRUE,AA450
154,Victoria Taylor,5/12/1971,BUSINESS,FALSE,BA590
155,Brandon Garcia,8/4/1988,FIRST_CLASS,TRUE,AA455
156,Rebecca Martinez,9/27/1973,ECONOMY,FALSE,BA595
157,David Young,12/21/1990,BUSINESS,TRUE,AA460
158,Kelly Johnson,2/14/1982,FIRST_CLASS,FALSE,BA600
159,Lauren Moore,7/28/1975,ECONOMY,TRUE,BA540
160,John Hernandez,1/9/1993,BUSINESS,FALSE,AA400
161,Samantha Lee,4/2/1979,FIRST_CLASS,TRUE,BA545
162,Jonathan Wilson,6/15/1986,ECONOMY,FALSE,AA405
163,Nicole Harris,11/9/1972,BUSINESS,TRUE,BA550
164,Michael Brown,12/2/1981,FIRST_CLASS,FALSE,AA410
165,Ashley Thompson,3/18/1995,ECONOMY,TRUE,BA555
166,Matthew Lewis,6/11/1974,BUSINESS,FALSE,AA415
167,Kimberly Davis,9/24/1987,FIRST_CLASS,TRUE,BA560
168,Daniel Martinez,10/17/1979,ECONOMY,FALSE,AA420
169,Emily Allen,1/29/1990,BUSINESS,TRUE,BA565
170,Christopher Scott,4/22/1973,FIRST_CLASS,FALSE,AA425
171,Stephanie Miller,7/15/1985,ECONOMY,TRUE,BA570
172,Michael Johnson,10/8/1976,BUSINESS,FALSE,AA430
173,Emily Hernandez,12/1/1994,FIRST_CLASS,TRUE,AA435
174,Andrew Thompson,1/24/1978,ECONOMY,FALSE,BA575
175,Jessica Wilson,4/17/1983,BUSINESS,TRUE,AA440
176,Matthew Garcia,9/8/1991,FIRST_CLASS,FALSE,BA580
177,Amanda Martinez,6/22/1970,ECONOMY,TRUE,AA445
178,Jonathan Davis,11/15/1986,BUSINESS,FALSE,BA585
179,Lauren Taylor,3/29/1979,FIRST_CLASS,TRUE,AA450
180,David Young,7/2/1993,ECONOMY,FALSE,BA590
181,Sarah Brown,9/14/1971,BUSINESS,TRUE,AA455
182,Christopher Miller,1/7/1988,FIRST_CLASS,FALSE,BA595
183,Rebecca Hernandez,4/30/1975,ECONOMY,TRUE,AA460
184,Justin Clark,9/23/1990,BUSINESS,FALSE,BA600
185,Nicole Taylor,12/26/1974,FIRST_CLASS,TRUE,BA540
186,Joshua Wilson,3/19/1982,ECONOMY,FALSE,AA400
187,Ashley Johnson,5/12/1995,BUSINESS,TRUE,BA545
188,Matthew Martinez,8/5/1978,FIRST_CLASS,FALSE,AA405
189,Samantha Rodriguez,11/29/1986,ECONOMY,TRUE,BA550
190,Brandon Lee,2/18/1972,BUSINESS,FALSE,AA410
191,Stephanie Scott,3/23/1993,FIRST_CLASS,TRUE,BA555
192,Michael Hernandez,6/16/1977,ECONOMY,FALSE,AA415
193,Lauren Thompson,9/9/1989,BUSINESS,TRUE,BA560
194,David Rodriguez,12/2/1973,FIRST_CLASS,FALSE,AA420
195,Alexander Garcia,5/25/1981,ECONOMY,TRUE,BA565
196,Rebecca Martinez,8/18/1996,BUSINESS,FALSE,AA425
197,Christopher Johnson,11/15/1970,FIRST_CLASS,TRUE,BA570
198,Jennifer Thomas,2/8/1984,ECONOMY,FALSE,AA430
199,Jonathan Hernandez,6/20/1992,BUSINESS,TRUE,AA435
200,Kimberly Davis,9/13/1976,FIRST_CLASS,FALSE,BA575
201,Nicholas Wilson,12/7/1987,ECONOMY,TRUE,AA440
202,Amanda Martinez,3/30/1979,BUSINESS,FALSE,BA580
203,Michael Clark,7/14/1995,FIRST_CLASS,TRUE,AA445
204,Sarah Thompson,10/16/1971,ECONOMY,FALSE,BA585
205,Matthew Rodriguez,1/9/1983,BUSINESS,TRUE,AA450
206,Emily Hernandez,4/22/1990,FIRST_CLASS,FALSE,BA590
207,Brandon Lee,8/5/1975,ECONOMY,TRUE,AA455
208,Stephanie Martinez,11/29/1986,BUSINESS,FALSE,BA595
209,John Taylor,3/18/1972,FIRST_CLASS,TRUE,AA460
210,Lauren White,6/30/1993,ECONOMY,TRUE,BA600
211,David Hernandez,9/23/1980,BUSINESS,FALSE,BA540
212,Jessica Davis,12/16/1976,FIRST_CLASS,TRUE,AA400
213,Michael Martinez,2/8/1991,ECONOMY,FALSE,BA545
214,Rebecca Rodriguez,5/5/1974,BUSINESS,TRUE,AA405
215,Christopher Scott,8/29/1989,FIRST_CLASS,FALSE,BA550
216,Amanda Johnson,11/21/1996,ECONOMY,TRUE,AA410
217,Matthew Lee,2/14/1977,BUSINESS,FALSE,BA555
218,Emily Perez,5/9/1983,FIRST_CLASS,TRUE,AA415
219,Brandon Young,8/2/1988,ECONOMY,TRUE,BA560
220,Stephanie Garcia,11/26/1975,BUSINESS,FALSE,AA420
221,Michael Thompson,2/18/1994,FIRST_CLASS,TRUE,BA565
222,Sarah Rodriguez,6/11/1981,ECONOMY,FALSE,AA425
223,Matthew Taylor,9/4/1970,BUSINESS,TRUE,BA570
224,Amanda Hernandez,12/27/1990,FIRST_CLASS,FALSE,AA430
225,David Clark,3/20/1977,ECONOMY,TRUE,AA435
226,Jessica Young,6/13/1985,BUSINESS,FALSE,BA575
227,Christopher Brown,9/6/1993,FIRST_CLASS,TRUE,AA440
228,Emily Taylor,12/30/1979,ECONOMY,FALSE,BA580
229,Brandon Garcia,2/22/1971,BUSINESS,TRUE,AA445
230,Stephanie Moore,5/16/1987,FIRST_CLASS,FALSE,BA585
231,Michael Davis,8/9/1996,ECONOMY,TRUE,AA450
232,Rebecca Hernandez,11/1/1974,BUSINESS,FALSE,BA590
233,David Wilson,2/25/1983,FIRST_CLASS,TRUE,AA455
234,Sarah Thompson,5/19/1990,ECONOMY,FALSE,BA595
235,Matthew Johnson,8/12/1978,BUSINESS,TRUE,AA460
236,Amanda White,11/5/1995,FIRST_CLASS,FALSE,BA600
237,Michael Hernandez,1/3/1972,ECONOMY,TRUE,AA665
238,Emily Davis,4/27/1986,BUSINESS,FALSE,BA800
239,Brandon Thomas,7/21/1993,FIRST_CLASS,TRUE,AA670
240,Stephanie Martinez,10/14/1979,ECONOMY,FALSE,BA805
241,Matthew Garcia,1/8/1984,BUSINESS,TRUE,AA675
242,Amanda Martinez,4/2/1991,FIRST_CLASS,FALSE,BA810
243,David Rodriguez,7/26/1976,ECONOMY,TRUE,AA680
244,Jessica Clark,10/19/1989,BUSINESS,FALSE,BA815
245,Christopher Brown,12/12/1972,FIRST_CLASS,TRUE,AA685
246,Emily Taylor,3/5/1995,ECONOMY,FALSE,BA820
247,Brandon Hernandez,6/26/1981,BUSINESS,TRUE,AA690
248,Stephanie Johnson,9/19/1977,FIRST_CLASS,FALSE,BA825
249,Michael Lee,12/12/1990,ECONOMY,TRUE,AA695
250,Rebecca Martinez,3/8/1974,BUSINESS,FALSE,BA830
251,David Taylor,6/1/1983,FIRST_CLASS,TRUE,AA700
252,Sarah Rodriguez,9/25/1996,ECONOMY,FALSE,BA835
253,Matthew Thompson,11/18/1971,BUSINESS,TRUE,AA705
254,Amanda Davis,2/11/1985,FIRST_CLASS,FALSE,BA840
255,Brandon Wilson,5/6/1992,ECONOMY,TRUE,AA710
256,Stephanie Hernandez,8/30/1976,BUSINESS,FALSE,BA845
257,Michael Garcia,11/23/1980,FIRST_CLASS,TRUE,AA715
258,Emily Johnson,2/16/1993,ECONOMY,FALSE,BA850
259,David Hernandez,5/9/1978,BUSINESS,TRUE,AA665
260,Jessica Moore,8/3/1989,FIRST_CLASS,FALSE,BA800
261,Christopher Clark,11/26/1975,ECONOMY,TRUE,AA670
262,Amanda Thompson,2/19/1990,BUSINESS,FALSE,BA805
263,Matthew Rodriguez,5/14/1984,FIRST_CLASS,TRUE,AA675
264,Sarah Scott,8/12/1997,ECONOMY,FALSE,BA810
265,Michael Davis,1/5/1972,BUSINESS,TRUE,AA680
266,Emily Brown,4/29/1987,FIRST_CLASS,FALSE,BA815
267,Brandon Martinez,7/22/1994,ECONOMY,TRUE,AA685
268,Stephanie White,10/13/1981,BUSINESS,FALSE,BA820
269,David Allen,1/6/1976,FIRST_CLASS,TRUE,AA690
270,Jessica Hernandez,4/1/1991,ECONOMY,FALSE,BA825
271,Christopher Taylor,7/24/1988,BUSINESS,TRUE,AA695
272,Amanda Moore,10/17/1972,FIRST_CLASS,FALSE,BA830
273,Matthew Young,1/10/1979,ECONOMY,TRUE,AA700
274,Sarah Miller,4/5/1996,BUSINESS,FALSE,BA835
275,Michael Clark,7/28/1971,FIRST_CLASS,TRUE,AA705
276,Emily Thompson,10/20/1985,ECONOMY,FALSE,BA840
277,Brandon Davis,1/13/1990,BUSINESS,TRUE,AA710
278,Stephanie Rodriguez,4/7/1974,FIRST_CLASS,FALSE,BA845
279,David Moore,7/1/1983,ECONOMY,TRUE,AA715
280,Jessica Wilson,9/24/1978,BUSINESS,FALSE,BA850
281,Christopher Martin,12/17/1995,FIRST_CLASS,TRUE,AA665
282,Amanda Gonzalez,3/10/1981,ECONOMY,FALSE,BA800
283,Matthew Taylor,6/3/1972,BUSINESS,TRUE,AA670
284,Sarah Clark,9/27/1993,FIRST_CLASS,FALSE,BA805
285,Michael Scott,12/20/1987,ECONOMY,TRUE,AA675
286,Emily Hernandez,3/15/1975,BUSINESS,FALSE,BA810
287,Brandon Thompson,6/8/1990,FIRST_CLASS,TRUE,AA680
288,Stephanie Lee,9/1/1984,ECONOMY,FALSE,BA815
289,David Martinez,12/24/1971,BUSINESS,TRUE,AA685
290,Jessica Johnson,3/18/1996,FIRST_CLASS,FALSE,BA820
291,Christopher Hernandez,6/11/1979,ECONOMY,TRUE,AA690
292,Amanda Taylor,9/4/1988,BUSINESS,FALSE,BA825
293,Matthew Gonzalez,12/27/1994,FIRST_CLASS,TRUE,AA695
294,Sarah Davis,3/21/1975,ECONOMY,FALSE,BA830
295,Michael Rodriguez,6/14/1982,BUSINESS,TRUE,AA700
296,Emily Miller,9/7/1991,FIRST_CLASS,FALSE,BA835
297,Brandon Wilson,12/30/1974,ECONOMY,TRUE,AA705
298,Stephanie Martinez,2/23/1987,BUSINESS,FALSE,BA840
299,David Hernandez,5/18/1995,FIRST_CLASS,TRUE,AA710
300,Jessica Clark,8/11/1978,ECONOMY,FALSE,BA845
